coingecko,wormhole
acala,Acala
arbitrum-one,Arbitrum
aurora,Aurora
avalanche,Avalanche
base,Base
binance-smart-chain,Bsc
celo,Celo
ethereum,Ethereum
fantom,Fantom
xdai,Gnosis
moonbeam,Moonbeam
neon-evm,Neon
optimistic-ethereum,Optimism
polygon-pos,Polygon
scroll,Scroll
x-layer,Xlayer
mantle,Mantle
sei-v2,Seievm
world-chain,Worldchain
hyperevm,HyperEVM
hyperliquid,Hyperliquid
solana,Solana
cosmos,Cosmoshub
evmos,Evmos
injective,Injective
kujira,Kujira
osmosis,Osmosis
sei-network,Sei
algorand,Algorand
sui,Sui
aptos,Aptos
near-protocol,Near
unichain,Unichain
berachain,Berachain
